[
  {
    "Id": "151dba72-2400-43d6-9e33-cadbb71b865b",
    "AccessFailedCount": 0,
    "ConcurrencyStamp": "f1ea7244-12e2-4bf4-9d38-d774ec372d4b",
    "Email": "admin@globomantics.com",
    "EmailConfirmed": "0",
    "LockoutEnabled": "1",
    "LockoutEnd": null,
    "NormalizedEmail": "ADMIN@GLOBOMANTICS.COM",
    "NormalizedUserName": "ADMIN@GLOBOMANTICS.COM",
    "PasswordHash": "AQAAAAEAACcQAAAAECi3ahkgYfuCpckglBbY8R8Ah52Jk/FAXgAg7QNkul4+VWx4eADyFQ0FyS4cS8tFcg==",
    "PhoneNumber": null,
    "PhoneNumberConfirmed": "0",
    "SecurityStamp": "9ea80b23-9b95-4f25-b932-38cf1a713a1c",
    "TwoFactorEnabled": "0",
    "UserName": "admin@globomantics.com"
  },
  {
    "Id": "34a2101b-3f25-4a2d-87d2-ca7adb3feb11",
    "AccessFailedCount": 0,
    "ConcurrencyStamp": "6bc7ef72-085f-4b60-a3d8-1f45f1c7cee4",
    "Email": "bob@globomantics.com",
    "EmailConfirmed": "0",
    "LockoutEnabled": "1",
    "LockoutEnd": null,
    "NormalizedEmail": "BOB@GLOBOMANTICS.COM",
    "NormalizedUserName": "BOB@GLOBOMANTICS.COM",
    "PasswordHash": "AQAAAAEAACcQAAAAEMUOON4JcDDL23xTLbpuR9HC2O9uie1jqcvyMN3SwOWrNudevSBnoFeUorNdIZEUkA==",
    "PhoneNumber": null,
    "PhoneNumberConfirmed": "0",
    "SecurityStamp": "d6ec7b4a-ce49-4376-8721-989c97776e78",
    "TwoFactorEnabled": "0",
    "UserName": "bob@globomantics.com"
  },
  {
    "Id": "510df9ac-baca-43b6-9e4a-cdda5f419428",
    "AccessFailedCount": 0,
    "ConcurrencyStamp": "0270592c-5b93-4cbd-9050-722e3bc9250d",
    "Email": "alice@globomantics.com",
    "EmailConfirmed": "0",
    "LockoutEnabled": "1",
    "LockoutEnd": null,
    "NormalizedEmail": "ALICE@GLOBOMANTICS.COM",
    "NormalizedUserName": "ALICE@GLOBOMANTICS.COM",
    "PasswordHash": "AQAAAAEAACcQAAAAEM90xgFIknZXv+QhkRbq/cmGkk5wwost6ScPVEPmrkQa8PrcqfOZHSzX+9aaGCQwSg==",
    "PhoneNumber": null,
    "PhoneNumberConfirmed": "0",
    "SecurityStamp": "103eaa35-a3cb-41e9-9b70-bcea02691bc9",
    "TwoFactorEnabled": "0",
    "UserName": "alice@globomantics.com"
  },
  {
    "Id": "91dd93b1-403c-4913-b7fe-917bb0c35996",
    "AccessFailedCount": 0,
    "ConcurrencyStamp": "d7c42f8d-477d-49fe-ae4f-7b4301985acd",
    "Email": "mary@globomantics.com",
    "EmailConfirmed": "0",
    "LockoutEnabled": "1",
    "LockoutEnd": null,
    "NormalizedEmail": "MARY@GLOBOMANTICS.COM",
    "NormalizedUserName": "MARY@GLOBOMANTICS.COM",
    "PasswordHash": "AQAAAAEAACcQAAAAEAo6Wp95tWLS9RAPHrv0CmqkYk3Nio/Dxl0hjyx+i1CRA2jByJ6uQbyrW8e1wFVcfA==",
    "PhoneNumber": null,
    "PhoneNumberConfirmed": "0",
    "SecurityStamp": "a95f50c2-7c3b-499e-ac70-13b3849b0e8f",
    "TwoFactorEnabled": "0",
    "UserName": "mary@globomantics.com"
  }
]